{"cameraMode":{"drawMode":0,"name":"Shaded","section":"Shading Mode"},"sceneLighting":true,"audioPlay":false,"sceneViewState":{"showFog":true,"showMaterialUpdate":false,"showSkybox":true,"showFlares":true,"showImageEffects":true,"showParticleSystems":true},"in2DMode":false,"pivot":{"x":14.508697509765625,"y":14.770965576171875,"z":98.83399963378906},"rotation":{"x":0.5710999369621277,"y":-0.002201210241764784,"z":0.0015516806161031128,"w":0.8209444284439087},"size":399.6678466796875,"orthographic":false}